{
    "name": "64-bit Binary Multiplier",
    "description": "64-bit Binary Multiplier that uses CLA adders for maximum speed",
    "uuid": "5363cffe-8cdd-433e-81c5-eb3077a72238",
    "type": "logic",
    "data": [
        {
            "type": 11,
            "x": -8.090483589185236,
            "y": -0.8395581934257152,
            "id": 1,
            "inputs": [
                [
                    4,
                    2
                ]
            ],
            "outputs": [
                [
                    2,
                    4,
                    3
                ]
            ]
        },
        {
            "type": 20,
            "x": -2.6436753986876482,
            "y": -4.255367602933489,
            "id": 2,
            "inputs": [
                [
                    1,
                    4,
                    3
                ]
            ],
            "outputs": [
                [
                    3,
                    4,
                    1
                ]
            ]
        },
        {
            "type": 17,
            "x": 3.1907180291747594,
            "y": -0.8654304041875609,
            "id": 3,
            "inputs": [
                [
                    2,
                    4,
                    1
                ]
            ],
            "outputs": [
                [
                    4,
                    2
                ]
            ]
        },
        {
            "type": 16,
            "x": -2.6968766755745937,
            "y": -6.336458008013047,
            "id": 4,
            "inputs": [
                [
                    3,
                    1,
                    2
                ]
            ],
            "outputs": [
                [
                    1,
                    3,
                    2
                ]
            ]
        }
    ]
}