{
    "name": "64-bit Binary Multiplier",
    "description": "64-bit Binary Multiplier that uses CLA adders for maximum speed",
    "uuid": "5363cffe-8cdd-433e-81c5-eb3077a72238",
    "type": "logic",
    "data": [
        {
            "type": 11,
            "x": -5.357067003830606,
            "y": 0.22301899063129113,
            "id": 1,
            "inputs": [
                []
            ],
            "outputs": [
                [
                    3,
                    4
                ]
            ]
        },
        {
            "type": 17,
            "x": -0.20444954681900485,
            "y": -1.9885792740238823,
            "id": 3,
            "inputs": [
                [
                    1
                ]
            ],
            "outputs": [
                []
            ]
        },
        {
            "type": 23,
            "x": -3.175146428091755,
            "y": 1.4063858754510152,
            "id": 4,
            "inputs": [
                [
                    1
                ]
            ],
            "outputs": [
                []
            ]
        }
    ]
}